review_id,frame_idx,timestamp_sec,timestamp,reason,system_ball_visible,system_ball_confidence,frame_image
ball_0001,1380,23.0,00:23,key_timestamp_window,False,0.0,matches/中青赛_1_20260506_213657/review/ball_review/frames/ball_0001.jpg
ball_0002,1440,24.0,00:24,key_timestamp_window,False,0.0,matches/中青赛_1_20260506_213657/review/ball_review/frames/ball_0002.jpg
ball_0003,1500,25.0,00:25,key_timestamp_window,False,0.0,matches/中青赛_1_20260506_213657/review/ball_review/frames/ball_0003.jpg
ball_0004,1560,26.0,00:26,key_timestamp_window,False,0.0,matches/中青赛_1_20260506_213657/review/ball_review/frames/ball_0004.jpg
ball_0005,4680,78.0,01:18,ball_detection_window,False,0.0,matches/中青赛_1_20260506_213657/review/ball_review/frames/ball_0005.jpg
ball_0006,4740,79.0,01:19,ball_detection_window,False,0.0,matches/中青赛_1_20260506_213657/review/ball_review/frames/ball_0006.jpg
ball_0007,4800,80.0,01:20,ball_detection_window,True,0.254,matches/中青赛_1_20260506_213657/review/ball_review/frames/ball_0007.jpg
ball_0008,4860,81.0,01:21,ball_detection_window,True,0.285,matches/中青赛_1_20260506_213657/review/ball_review/frames/ball_0008.jpg
ball_0009,4920,82.0,01:22,ball_detection_window,False,0.0,matches/中青赛_1_20260506_213657/review/ball_review/frames/ball_0009.jpg
ball_0010,4980,83.0,01:23,ball_detection_window,True,0.274,matches/中青赛_1_20260506_213657/review/ball_review/frames/ball_0010.jpg
ball_0011,5040,84.0,01:24,ball_detection_window,False,0.0,matches/中青赛_1_20260506_213657/review/ball_review/frames/ball_0011.jpg
ball_0012,5100,85.0,01:25,ball_detection_window,True,0.348,matches/中青赛_1_20260506_213657/review/ball_review/frames/ball_0012.jpg
ball_0013,5160,86.0,01:26,ball_detection_window,True,0.501,matches/中青赛_1_20260506_213657/review/ball_review/frames/ball_0013.jpg
ball_0014,5220,87.0,01:27,ball_detection_window,True,0.513,matches/中青赛_1_20260506_213657/review/ball_review/frames/ball_0014.jpg
ball_0015,5280,88.0,01:28,ball_detection_window,True,0.258,matches/中青赛_1_20260506_213657/review/ball_review/frames/ball_0015.jpg
ball_0016,5340,89.0,01:29,ball_detection_window,False,0.0,matches/中青赛_1_20260506_213657/review/ball_review/frames/ball_0016.jpg
ball_0017,5400,90.0,01:30,ball_detection_window,False,0.0,matches/中青赛_1_20260506_213657/review/ball_review/frames/ball_0017.jpg
ball_0018,5460,91.0,01:31,ball_detection_window,True,0.254,matches/中青赛_1_20260506_213657/review/ball_review/frames/ball_0018.jpg
ball_0019,5520,92.0,01:32,ball_detection_window,True,0.268,matches/中青赛_1_20260506_213657/review/ball_review/frames/ball_0019.jpg
ball_0020,5580,93.0,01:33,ball_detection_window,True,0.37,matches/中青赛_1_20260506_213657/review/ball_review/frames/ball_0020.jpg
ball_0021,5640,94.0,01:34,ball_detection_window,True,0.367,matches/中青赛_1_20260506_213657/review/ball_review/frames/ball_0021.jpg
ball_0022,5700,95.0,01:35,ball_detection_window,False,0.0,matches/中青赛_1_20260506_213657/review/ball_review/frames/ball_0022.jpg
ball_0023,5760,96.0,01:36,ball_detection_window,True,0.349,matches/中青赛_1_20260506_213657/review/ball_review/frames/ball_0023.jpg
ball_0024,5820,97.0,01:37,ball_detection_window,True,0.265,matches/中青赛_1_20260506_213657/review/ball_review/frames/ball_0024.jpg
ball_0025,5880,98.0,01:38,ball_detection_window,True,0.402,matches/中青赛_1_20260506_213657/review/ball_review/frames/ball_0025.jpg
ball_0026,5940,99.0,01:39,ball_detection_window,False,0.0,matches/中青赛_1_20260506_213657/review/ball_review/frames/ball_0026.jpg
ball_0027,6000,100.0,01:40,ball_detection_window,True,0.253,matches/中青赛_1_20260506_213657/review/ball_review/frames/ball_0027.jpg
ball_0028,6060,101.0,01:41,ball_detection_window,True,0.279,matches/中青赛_1_20260506_213657/review/ball_review/frames/ball_0028.jpg
ball_0029,6120,102.0,01:42,ball_detection_window,False,0.0,matches/中青赛_1_20260506_213657/review/ball_review/frames/ball_0029.jpg
ball_0030,6180,103.0,01:43,ball_detection_window,False,0.0,matches/中青赛_1_20260506_213657/review/ball_review/frames/ball_0030.jpg
ball_0031,6240,104.0,01:44,ball_detection_window,False,0.0,matches/中青赛_1_20260506_213657/review/ball_review/frames/ball_0031.jpg
ball_0032,6300,105.0,01:45,key_timestamp_window,False,0.0,matches/中青赛_1_20260506_213657/review/ball_review/frames/ball_0032.jpg
ball_0033,6390,106.5,01:46,ball_detection_window,False,0.0,matches/中青赛_1_20260506_213657/review/ball_review/frames/ball_0033.jpg
ball_0034,6450,107.5,01:48,ball_detection_window,True,0.326,matches/中青赛_1_20260506_213657/review/ball_review/frames/ball_0034.jpg
ball_0035,6510,108.5,01:48,ball_detection_window,False,0.0,matches/中青赛_1_20260506_213657/review/ball_review/frames/ball_0035.jpg
ball_0036,6780,113.0,01:53,ball_detection_window,False,0.0,matches/中青赛_1_20260506_213657/review/ball_review/frames/ball_0036.jpg
ball_0037,6840,114.0,01:54,ball_detection_window,False,0.0,matches/中青赛_1_20260506_213657/review/ball_review/frames/ball_0037.jpg
ball_0038,6900,115.0,01:55,key_timestamp_window,False,0.0,matches/中青赛_1_20260506_213657/review/ball_review/frames/ball_0038.jpg
ball_0039,6960,116.0,01:56,key_timestamp_window,False,0.0,matches/中青赛_1_20260506_213657/review/ball_review/frames/ball_0039.jpg
ball_0040,7020,117.0,01:57,key_timestamp_window,False,0.0,matches/中青赛_1_20260506_213657/review/ball_review/frames/ball_0040.jpg
ball_0041,7080,118.0,01:58,key_timestamp_window,False,0.0,matches/中青赛_1_20260506_213657/review/ball_review/frames/ball_0041.jpg
ball_0042,7140,119.0,01:59,key_timestamp_window,False,0.0,matches/中青赛_1_20260506_213657/review/ball_review/frames/ball_0042.jpg
ball_0043,7200,120.0,02:00,key_timestamp_window,False,0.0,matches/中青赛_1_20260506_213657/review/ball_review/frames/ball_0043.jpg
ball_0044,7260,121.0,02:01,key_timestamp_window,False,0.0,matches/中青赛_1_20260506_213657/review/ball_review/frames/ball_0044.jpg
ball_0045,8100,135.0,02:15,key_timestamp_window,False,0.0,matches/中青赛_1_20260506_213657/review/ball_review/frames/ball_0045.jpg
ball_0046,8160,136.0,02:16,key_timestamp_window,False,0.0,matches/中青赛_1_20260506_213657/review/ball_review/frames/ball_0046.jpg
ball_0047,8220,137.0,02:17,ball_detection_window,False,0.0,matches/中青赛_1_20260506_213657/review/ball_review/frames/ball_0047.jpg
ball_0048,8280,138.0,02:18,ball_detection_window,True,0.343,matches/中青赛_1_20260506_213657/review/ball_review/frames/ball_0048.jpg
ball_0049,8340,139.0,02:19,ball_detection_window,False,0.0,matches/中青赛_1_20260506_213657/review/ball_review/frames/ball_0049.jpg
ball_0050,8400,140.0,02:20,ball_detection_window,True,0.273,matches/中青赛_1_20260506_213657/review/ball_review/frames/ball_0050.jpg
ball_0051,8460,141.0,02:21,ball_detection_window,False,0.0,matches/中青赛_1_20260506_213657/review/ball_review/frames/ball_0051.jpg
ball_0052,8520,142.0,02:22,ball_detection_window,False,0.0,matches/中青赛_1_20260506_213657/review/ball_review/frames/ball_0052.jpg
ball_0053,8580,143.0,02:23,ball_detection_window,False,0.0,matches/中青赛_1_20260506_213657/review/ball_review/frames/ball_0053.jpg
ball_0054,8640,144.0,02:24,key_timestamp_window,False,0.0,matches/中青赛_1_20260506_213657/review/ball_review/frames/ball_0054.jpg
ball_0055,8700,145.0,02:25,key_timestamp_window,False,0.0,matches/中青赛_1_20260506_213657/review/ball_review/frames/ball_0055.jpg
ball_0056,8760,146.0,02:26,key_timestamp_window,False,0.0,matches/中青赛_1_20260506_213657/review/ball_review/frames/ball_0056.jpg
ball_0057,8820,147.0,02:27,key_timestamp_window,False,0.0,matches/中青赛_1_20260506_213657/review/ball_review/frames/ball_0057.jpg
ball_0058,9030,150.5,02:30,key_timestamp_window,False,0.0,matches/中青赛_1_20260506_213657/review/ball_review/frames/ball_0058.jpg
ball_0059,9090,151.5,02:32,key_timestamp_window,False,0.0,matches/中青赛_1_20260506_213657/review/ball_review/frames/ball_0059.jpg
ball_0060,9150,152.5,02:32,key_timestamp_window,False,0.0,matches/中青赛_1_20260506_213657/review/ball_review/frames/ball_0060.jpg
ball_0061,10830,180.5,03:00,ball_detection_window,False,0.0,matches/中青赛_1_20260506_213657/review/ball_review/frames/ball_0061.jpg
ball_0062,10890,181.5,03:02,ball_detection_window,True,0.333,matches/中青赛_1_20260506_213657/review/ball_review/frames/ball_0062.jpg
ball_0063,10950,182.5,03:02,ball_detection_window,False,0.0,matches/中青赛_1_20260506_213657/review/ball_review/frames/ball_0063.jpg
ball_0064,11010,183.5,03:04,ball_detection_window,True,0.271,matches/中青赛_1_20260506_213657/review/ball_review/frames/ball_0064.jpg
ball_0065,11070,184.5,03:04,ball_detection_window,False,0.0,matches/中青赛_1_20260506_213657/review/ball_review/frames/ball_0065.jpg
ball_0066,11790,196.5,03:16,key_timestamp_window,False,0.0,matches/中青赛_1_20260506_213657/review/ball_review/frames/ball_0066.jpg
ball_0067,11850,197.5,03:18,key_timestamp_window,False,0.0,matches/中青赛_1_20260506_213657/review/ball_review/frames/ball_0067.jpg
ball_0068,11910,198.5,03:18,key_timestamp_window,False,0.0,matches/中青赛_1_20260506_213657/review/ball_review/frames/ball_0068.jpg
ball_0069,11970,199.5,03:20,key_timestamp_window,False,0.0,matches/中青赛_1_20260506_213657/review/ball_review/frames/ball_0069.jpg
ball_0070,12030,200.5,03:20,key_timestamp_window,False,0.0,matches/中青赛_1_20260506_213657/review/ball_review/frames/ball_0070.jpg
ball_0071,12090,201.5,03:22,key_timestamp_window,False,0.0,matches/中青赛_1_20260506_213657/review/ball_review/frames/ball_0071.jpg
ball_0072,14460,241.0,04:01,key_timestamp_window,False,0.0,matches/中青赛_1_20260506_213657/review/ball_review/frames/ball_0072.jpg
ball_0073,14520,242.0,04:02,key_timestamp_window,False,0.0,matches/中青赛_1_20260506_213657/review/ball_review/frames/ball_0073.jpg
ball_0074,14580,243.0,04:03,key_timestamp_window,False,0.0,matches/中青赛_1_20260506_213657/review/ball_review/frames/ball_0074.jpg
ball_0075,14820,247.0,04:07,key_timestamp_window,False,0.0,matches/中青赛_1_20260506_213657/review/ball_review/frames/ball_0075.jpg
ball_0076,14880,248.0,04:08,key_timestamp_window,False,0.0,matches/中青赛_1_20260506_213657/review/ball_review/frames/ball_0076.jpg
ball_0077,14940,249.0,04:09,key_timestamp_window,False,0.0,matches/中青赛_1_20260506_213657/review/ball_review/frames/ball_0077.jpg
ball_0078,15000,250.0,04:10,key_timestamp_window,False,0.0,matches/中青赛_1_20260506_213657/review/ball_review/frames/ball_0078.jpg
ball_0079,15150,252.5,04:12,key_timestamp_window,False,0.0,matches/中青赛_1_20260506_213657/review/ball_review/frames/ball_0079.jpg
ball_0080,15210,253.5,04:14,key_timestamp_window,False,0.0,matches/中青赛_1_20260506_213657/review/ball_review/frames/ball_0080.jpg
ball_0081,15270,254.5,04:14,key_timestamp_window,False,0.0,matches/中青赛_1_20260506_213657/review/ball_review/frames/ball_0081.jpg
ball_0082,15840,264.0,04:24,key_timestamp_window,False,0.0,matches/中青赛_1_20260506_213657/review/ball_review/frames/ball_0082.jpg
ball_0083,15900,265.0,04:25,key_timestamp_window,False,0.0,matches/中青赛_1_20260506_213657/review/ball_review/frames/ball_0083.jpg
ball_0084,15960,266.0,04:26,key_timestamp_window,False,0.0,matches/中青赛_1_20260506_213657/review/ball_review/frames/ball_0084.jpg
ball_0085,16020,267.0,04:27,key_timestamp_window,False,0.0,matches/中青赛_1_20260506_213657/review/ball_review/frames/ball_0085.jpg
ball_0086,16110,268.5,04:28,key_timestamp_window,False,0.0,matches/中青赛_1_20260506_213657/review/ball_review/frames/ball_0086.jpg
ball_0087,16170,269.5,04:30,key_timestamp_window,False,0.0,matches/中青赛_1_20260506_213657/review/ball_review/frames/ball_0087.jpg
ball_0088,16230,270.5,04:30,key_timestamp_window,False,0.0,matches/中青赛_1_20260506_213657/review/ball_review/frames/ball_0088.jpg
ball_0089,16380,273.0,04:33,ball_detection_window,False,0.0,matches/中青赛_1_20260506_213657/review/ball_review/frames/ball_0089.jpg
ball_0090,16440,274.0,04:34,ball_detection_window,True,0.319,matches/中青赛_1_20260506_213657/review/ball_review/frames/ball_0090.jpg
ball_0091,16500,275.0,04:35,ball_detection_window,False,0.0,matches/中青赛_1_20260506_213657/review/ball_review/frames/ball_0091.jpg
ball_0092,16560,276.0,04:36,ball_detection_window,False,0.0,matches/中青赛_1_20260506_213657/review/ball_review/frames/ball_0092.jpg
ball_0093,16620,277.0,04:37,ball_detection_window,False,0.0,matches/中青赛_1_20260506_213657/review/ball_review/frames/ball_0093.jpg
ball_0094,16680,278.0,04:38,ball_detection_window,True,0.256,matches/中青赛_1_20260506_213657/review/ball_review/frames/ball_0094.jpg
ball_0095,16740,279.0,04:39,ball_detection_window,True,0.286,matches/中青赛_1_20260506_213657/review/ball_review/frames/ball_0095.jpg
ball_0096,16800,280.0,04:40,ball_detection_window,False,0.0,matches/中青赛_1_20260506_213657/review/ball_review/frames/ball_0096.jpg
ball_0097,16860,281.0,04:41,ball_detection_window,False,0.0,matches/中青赛_1_20260506_213657/review/ball_review/frames/ball_0097.jpg
ball_0098,16920,282.0,04:42,ball_detection_window,True,0.372,matches/中青赛_1_20260506_213657/review/ball_review/frames/ball_0098.jpg
ball_0099,16980,283.0,04:43,ball_detection_window,False,0.0,matches/中青赛_1_20260506_213657/review/ball_review/frames/ball_0099.jpg
ball_0100,17040,284.0,04:44,ball_detection_window,True,0.263,matches/中青赛_1_20260506_213657/review/ball_review/frames/ball_0100.jpg
ball_0101,17100,285.0,04:45,ball_detection_window,False,0.0,matches/中青赛_1_20260506_213657/review/ball_review/frames/ball_0101.jpg
ball_0102,17190,286.5,04:46,ball_detection_window,False,0.0,matches/中青赛_1_20260506_213657/review/ball_review/frames/ball_0102.jpg
ball_0103,17250,287.5,04:48,ball_detection_window,True,0.292,matches/中青赛_1_20260506_213657/review/ball_review/frames/ball_0103.jpg
ball_0104,17310,288.5,04:48,ball_detection_window,False,0.0,matches/中青赛_1_20260506_213657/review/ball_review/frames/ball_0104.jpg
ball_0105,17400,290.0,04:50,ball_detection_window,False,0.0,matches/中青赛_1_20260506_213657/review/ball_review/frames/ball_0105.jpg
ball_0106,17460,291.0,04:51,ball_detection_window,True,0.294,matches/中青赛_1_20260506_213657/review/ball_review/frames/ball_0106.jpg
ball_0107,17520,292.0,04:52,ball_detection_window,False,0.0,matches/中青赛_1_20260506_213657/review/ball_review/frames/ball_0107.jpg
ball_0108,17580,293.0,04:53,ball_detection_window,True,0.301,matches/中青赛_1_20260506_213657/review/ball_review/frames/ball_0108.jpg
ball_0109,17640,294.0,04:54,ball_detection_window,False,0.0,matches/中青赛_1_20260506_213657/review/ball_review/frames/ball_0109.jpg
ball_0110,17700,295.0,04:55,ball_detection_window,True,0.399,matches/中青赛_1_20260506_213657/review/ball_review/frames/ball_0110.jpg
ball_0111,17760,296.0,04:56,ball_detection_window,False,0.0,matches/中青赛_1_20260506_213657/review/ball_review/frames/ball_0111.jpg
ball_0112,17820,297.0,04:57,ball_detection_window,False,0.0,matches/中青赛_1_20260506_213657/review/ball_review/frames/ball_0112.jpg
ball_0113,17880,298.0,04:58,ball_detection_window,False,0.0,matches/中青赛_1_20260506_213657/review/ball_review/frames/ball_0113.jpg
ball_0114,17970,299.5,05:00,ball_detection_window,False,0.0,matches/中青赛_1_20260506_213657/review/ball_review/frames/ball_0114.jpg
ball_0115,18030,300.5,05:00,ball_detection_window,True,0.252,matches/中青赛_1_20260506_213657/review/ball_review/frames/ball_0115.jpg
ball_0116,18090,301.5,05:02,ball_detection_window,False,0.0,matches/中青赛_1_20260506_213657/review/ball_review/frames/ball_0116.jpg
ball_0117,18150,302.5,05:02,ball_detection_window,True,0.322,matches/中青赛_1_20260506_213657/review/ball_review/frames/ball_0117.jpg
ball_0118,18210,303.5,05:04,ball_detection_window,False,0.0,matches/中青赛_1_20260506_213657/review/ball_review/frames/ball_0118.jpg
ball_0119,18270,304.5,05:04,ball_detection_window,False,0.0,matches/中青赛_1_20260506_213657/review/ball_review/frames/ball_0119.jpg
ball_0120,18330,305.5,05:06,ball_detection_window,False,0.0,matches/中青赛_1_20260506_213657/review/ball_review/frames/ball_0120.jpg
