review_id,frame_idx,timestamp_sec,timestamp,ball_visible,ball_in_play,review_image_x,review_image_y,source_image_x,source_image_y,field_x_m,field_y_m,source,status,note
ball_0001,1380,23.0,00:23,True,True,423.3,245.5,711.14,412.44,0.981,6.708,human,marked,
ball_0002,1440,24.0,00:24,False,False,,,,,,,human,invisible,
ball_0003,1500,25.0,00:25,False,False,,,,,,,human,invisible,
ball_0004,1560,26.0,00:26,False,False,,,,,,,human,invisible,
ball_0005,4680,78.0,01:18,True,True,1205.3,223.6,2024.9,375.65,32.669,5.34,human,marked,
ball_0006,4740,79.0,01:19,True,True,1145.0,211.0,1923.6,354.48,30.383,3.192,human,marked,
ball_0007,4800,80.0,01:20,True,True,1150.1,206.5,1932.17,346.92,31.691,2.335,human,marked,
ball_0008,4860,81.0,01:21,True,True,1151.7,202.6,1934.86,340.37,32.665,1.547,human,marked,
ball_0009,4920,82.0,01:22,True,True,1154.7,198.5,1939.9,333.48,33.878,0.657,human,marked,
ball_0010,4980,83.0,01:23,True,True,1153.0,197.0,1937.04,330.96,34.083,0.332,human,marked,
ball_0011,5040,84.0,01:24,True,True,1134.8,194.1,1906.46,326.09,33.098,-0.212,human,marked,
ball_0012,5100,85.0,01:25,True,True,1139.4,197.4,1914.19,331.63,32.751,0.5,human,marked,
ball_0013,5160,86.0,01:26,True,True,1143.3,201.2,1920.74,338.02,32.245,1.293,human,marked,
ball_0014,5220,87.0,01:27,True,True,1209.7,225.8,2032.3,379.34,32.573,5.702,human,marked,
ball_0015,5280,88.0,01:28,True,True,1180.4,221.6,1983.07,372.29,31.109,4.996,human,marked,
ball_0016,5340,89.0,01:29,True,True,1177.5,226.4,1978.2,380.35,30.012,5.753,human,marked,
ball_0017,5400,90.0,01:30,True,True,1220.8,243.2,2050.94,408.58,30.194,8.234,human,marked,
ball_0018,5460,91.0,01:31,True,True,1228.8,247.8,2064.38,416.3,29.979,8.848,human,marked,
ball_0019,5520,92.0,01:32,True,True,1198.3,240.0,2013.14,403.2,29.182,7.733,human,marked,
ball_0020,5580,93.0,01:33,True,True,1136.3,231.2,1908.98,388.42,26.444,6.382,human,marked,
ball_0021,5640,94.0,01:34,True,True,1150.5,233.4,1932.84,392.11,27.038,6.713,human,marked,
ball_0022,5700,95.0,01:35,True,True,1184.3,241.3,1989.62,405.38,28.053,7.853,human,marked,
ball_0023,5760,96.0,01:36,True,True,1203.9,246.6,2022.55,414.29,28.523,8.591,human,marked,
ball_0024,5820,97.0,01:37,False,False,,,,,,,human,invisible,
ball_0025,5880,98.0,01:38,False,False,,,,,,,human,invisible,
ball_0026,5940,99.0,01:39,True,True,1184.1,221.7,1989.29,372.46,31.376,5.014,human,marked,
ball_0027,6000,100.0,01:40,True,True,1146.1,206.9,1925.45,347.59,31.279,2.424,human,marked,
ball_0028,6060,101.0,01:41,True,True,1096.7,194.3,1842.46,326.42,29.755,0.076,human,marked,
ball_0029,6120,102.0,01:42,True,False,1068.8,186.5,1795.58,313.32,28.99,-1.465,human,marked,
ball_0030,6180,103.0,01:43,True,False,1083.7,188.7,1820.62,317.02,29.795,-1.078,human,marked,
ball_0031,6240,104.0,01:44,True,True,1121.4,196.2,1883.95,329.62,31.44,0.341,human,marked,
ball_0032,6300,105.0,01:45,True,True,1192.4,209.8,2003.23,352.46,34.61,2.868,human,marked,
ball_0033,6390,106.5,01:46,True,True,1260.6,219.3,2117.81,368.42,38.559,4.612,human,marked,
ball_0034,6450,107.5,01:48,True,True,1218.4,207.7,2046.91,348.94,37.59,2.368,human,marked,
ball_0035,6510,108.5,01:48,True,False,1161.2,187.8,1950.82,315.5,37.356,-1.988,human,marked,
ball_0036,6780,113.0,01:53,False,False,,,,,,,human,invisible,
ball_0037,6840,114.0,01:54,False,False,,,,,,,human,invisible,
ball_0038,6900,115.0,01:55,False,False,,,,,,,human,invisible,
ball_0039,6960,116.0,01:56,False,False,,,,,,,human,invisible,
ball_0040,7020,117.0,01:57,False,False,,,,,,,human,invisible,
ball_0041,7080,118.0,01:58,True,True,1170.0,194.5,1965.6,326.76,36.37,-0.365,human,marked,
ball_0042,7140,119.0,01:59,True,True,1199.4,203.1,2014.99,341.21,36.964,1.447,human,marked,
ball_0043,7200,120.0,02:00,True,True,1200.1,201.3,2016.17,338.18,37.528,1.041,human,marked,
ball_0044,7260,121.0,02:01,False,False,,,,,,,human,invisible,
ball_0045,8100,135.0,02:15,False,False,,,,,,,human,invisible,
ball_0046,8160,136.0,02:16,True,True,1301.1,236.9,2185.85,397.99,37.765,7.67,human,marked,
ball_0047,8220,137.0,02:17,False,False,,,,,,,human,invisible,
ball_0048,8280,138.0,02:18,False,False,,,,,,,human,invisible,
ball_0049,8340,139.0,02:19,True,False,1351.9,238.8,2271.19,401.18,42.027,8.182,human,marked,
ball_0050,8400,140.0,02:20,True,False,1387.1,251.3,2330.33,422.18,41.888,10.211,human,marked,
ball_0051,8460,141.0,02:21,True,True,1372.6,255.9,2305.97,429.91,39.368,10.703,human,marked,
ball_0052,8520,142.0,02:22,True,False,1368.8,199.1,2299.58,334.49,61.496,-0.828,human,marked,
ball_0053,8580,143.0,02:23,True,True,1291.8,229.3,2170.22,385.22,38.856,6.426,human,marked,
ball_0054,8640,144.0,02:24,True,True,1313.7,259.7,2207.02,436.3,33.844,10.738,human,marked,
ball_0055,8700,145.0,02:25,True,True,1352.5,265.4,2272.2,445.87,35.61,11.657,human,marked,
ball_0056,8760,146.0,02:26,True,False,1558.1,300.7,2617.61,505.18,44.088,17.168,human,marked,
ball_0057,8820,147.0,02:27,False,False,,,,,,,human,invisible,
ball_0058,9030,150.5,02:30,False,False,,,,,,,human,invisible,
ball_0059,9090,151.5,02:32,False,False,,,,,,,human,invisible,
ball_0060,9150,152.5,02:32,False,False,,,,,,,human,invisible,
ball_0061,10830,180.5,03:00,True,True,535.8,231.3,900.14,388.58,3.318,5.695,human,marked,
ball_0062,10890,181.5,03:02,True,True,542.0,229.8,910.56,386.06,3.465,5.569,human,marked,
ball_0063,10950,182.5,03:02,True,True,536.6,208.9,901.49,350.95,3.358,3.598,human,marked,
ball_0064,11010,183.5,03:04,True,True,793.4,221.3,1332.91,371.78,10.885,4.842,human,marked,
ball_0065,11070,184.5,03:04,True,True,948.3,245.2,1593.14,411.94,15.623,7.6,human,marked,
ball_0066,11790,196.5,03:16,True,False,1412.7,423.1,2373.34,710.81,21.29,20.853,human,marked,
ball_0067,11850,197.5,03:18,True,True,1031.3,284.3,1732.58,477.62,16.551,11.338,human,marked,
ball_0068,11910,198.5,03:18,True,True,1075.6,259.1,1807.01,435.29,20.115,9.402,human,marked,
ball_0069,11970,199.5,03:20,True,True,1051.5,249.0,1766.52,418.32,19.844,8.292,human,marked,
ball_0070,12030,200.5,03:20,True,True,986.6,249.0,1657.49,418.32,16.96,8.088,human,marked,
ball_0071,12090,201.5,03:22,True,True,927.4,242.2,1558.03,406.9,14.962,7.245,human,marked,
ball_0072,14460,241.0,04:01,False,False,,,,,,,human,invisible,
ball_0073,14520,242.0,04:02,False,False,,,,,,,human,invisible,
ball_0074,14580,243.0,04:03,False,False,,,,,,,human,invisible,
ball_0075,14820,247.0,04:07,False,False,,,,,,,human,invisible,
ball_0076,14880,248.0,04:08,False,False,,,,,,,human,invisible,
ball_0077,14940,249.0,04:09,True,False,1590.4,366.3,2671.87,615.38,33.795,21.078,human,marked,
ball_0078,15000,250.0,04:10,True,True,1434.2,358.6,2409.46,602.45,27.066,18.892,human,marked,
ball_0079,15150,252.5,04:12,True,False,1438.1,468.4,2416.01,786.91,19.619,22.137,human,marked,
ball_0080,15210,253.5,04:14,False,False,,,,,,,human,invisible,
ball_0081,15270,254.5,04:14,True,False,1386.0,483.9,2328.48,812.95,17.637,21.988,human,marked,
ball_0082,15840,264.0,04:24,True,True,1382.2,426.0,2322.1,715.68,20.198,20.648,human,marked,
ball_0083,15900,265.0,04:25,True,False,1386.0,429.9,2328.48,722.23,20.101,20.786,human,marked,
ball_0084,15960,266.0,04:26,True,False,1388.0,429.9,2331.84,722.23,20.16,20.804,human,marked,
ball_0085,16020,267.0,04:27,True,True,1187.5,271.8,1995.0,456.62,24.348,11.165,human,marked,
ball_0086,16110,268.5,04:28,True,True,1199.0,256.4,2014.32,430.75,26.83,9.696,human,marked,
ball_0087,16170,269.5,04:30,True,True,1177.0,229.1,1977.36,384.89,29.508,6.158,human,marked,
ball_0088,16230,270.5,04:30,True,True,1189.5,220.8,1998.36,370.94,31.975,4.867,human,marked,
ball_0089,16380,273.0,04:33,False,False,,,,,,,human,invisible,
ball_0090,16440,274.0,04:34,True,True,1258.6,218.4,2114.45,366.91,38.609,4.443,human,marked,
ball_0091,16500,275.0,04:35,True,True,1203.4,208.3,2021.71,349.94,35.987,2.538,human,marked,
ball_0092,16560,276.0,04:36,True,True,1149.4,192.4,1930.99,323.23,34.891,-0.717,human,marked,
ball_0093,16620,277.0,04:37,False,False,,,,,,,human,invisible,
ball_0094,16680,278.0,04:38,True,False,1118.2,185.0,1878.58,310.8,33.749,-2.285,human,marked,
ball_0095,16740,279.0,04:39,True,False,1132.4,189.5,1902.43,318.36,33.988,-1.285,human,marked,
ball_0096,16800,280.0,04:40,True,False,1136.2,190.8,1908.82,320.54,34.027,-0.999,human,marked,
ball_0097,16860,281.0,04:41,True,True,1147.0,195.8,1926.96,328.94,33.816,0.097,human,marked,
ball_0098,16920,282.0,04:42,True,True,1152.2,194.3,1935.7,326.42,34.677,-0.285,human,marked,
ball_0099,16980,283.0,04:43,False,False,,,,,,,human,invisible,
ball_0100,17040,284.0,04:44,True,True,1149.9,194.9,1931.83,327.43,34.308,-0.129,human,marked,
ball_0101,17100,285.0,04:45,True,True,1196.8,210.4,2010.62,353.47,34.863,2.975,human,marked,
ball_0102,17190,286.5,04:46,True,True,1301.0,262.9,2185.68,441.67,32.356,11.007,human,marked,
ball_0103,17250,287.5,04:48,True,True,1309.1,274.2,2199.29,460.66,31.014,12.215,human,marked,
ball_0104,17310,288.5,04:48,True,True,1335.0,271.3,2242.8,455.78,33.222,12.134,human,marked,
ball_0105,17400,290.0,04:50,True,True,1353.2,261.7,2273.38,439.66,36.434,11.25,human,marked,
ball_0106,17460,291.0,04:51,True,True,1307.0,239.4,2195.76,402.19,37.675,8.069,human,marked,
ball_0107,17520,292.0,04:52,True,True,1283.0,225.7,2155.44,379.18,38.983,5.791,human,marked,
ball_0108,17580,293.0,04:53,False,False,,,,,,,human,invisible,
ball_0109,17640,294.0,04:54,True,False,1290.6,221.8,2168.21,372.62,40.838,5.091,human,marked,
ball_0110,17700,295.0,04:55,False,False,,,,,,,human,invisible,
ball_0111,17760,296.0,04:56,False,False,,,,,,,human,invisible,
ball_0112,17820,297.0,04:57,False,False,,,,,,,human,invisible,
ball_0113,17880,298.0,04:58,False,False,,,,,,,human,invisible,
ball_0114,17970,299.5,05:00,False,False,,,,,,,human,invisible,
ball_0115,18030,300.5,05:00,False,False,,,,,,,human,invisible,
ball_0116,18090,301.5,05:02,False,False,,,,,,,human,invisible,
ball_0117,18150,302.5,05:02,True,False,1296.6,221.9,2178.29,372.79,41.427,5.114,human,marked,
ball_0118,18210,303.5,05:04,True,True,1297.4,224.9,2179.63,377.83,40.62,5.67,human,marked,
ball_0119,18270,304.5,05:04,True,True,1298.9,225.3,2182.15,378.5,40.655,5.744,human,marked,
ball_0120,18330,305.5,05:06,False,False,,,,,,,human,invisible,
