review_id,type,reason,timestamp,track_id,predicted_player_id,predicted_name,confidence,frame_image
identity_0001,identity,low_identity_confidence,00:20,201,红队_jyn,JYN,0.447,matches/中青赛_1_20260506_213657/review/human_review/frames/identity_0001.jpg
identity_0002,identity,low_identity_confidence,00:41,447,红队_jyn,JYN,0.447,matches/中青赛_1_20260506_213657/review/human_review/frames/identity_0002.jpg
identity_0003,identity,low_identity_confidence,00:55,634,红队_jyn,JYN,0.447,matches/中青赛_1_20260506_213657/review/human_review/frames/identity_0003.jpg
identity_0004,identity,low_identity_confidence,02:38,1396,红队_jyn,JYN,0.447,matches/中青赛_1_20260506_213657/review/human_review/frames/identity_0004.jpg
identity_0005,identity,low_identity_confidence,02:34,1729,红队_jyn,JYN,0.447,matches/中青赛_1_20260506_213657/review/human_review/frames/identity_0005.jpg
identity_0006,identity,low_identity_confidence,03:37,2507,红队_lxy,LXY,0.447,matches/中青赛_1_20260506_213657/review/human_review/frames/identity_0006.jpg
identity_0007,identity,low_identity_confidence,04:41,3117,红队_zmc,ZMC,0.447,matches/中青赛_1_20260506_213657/review/human_review/frames/identity_0007.jpg
identity_0008,identity,low_identity_confidence,05:06,3364,红队_jyn,JYN,0.447,matches/中青赛_1_20260506_213657/review/human_review/frames/identity_0008.jpg
identity_0009,identity,low_identity_confidence,05:49,3852,红队_lxy,LXY,0.447,matches/中青赛_1_20260506_213657/review/human_review/frames/identity_0009.jpg
identity_0010,identity,low_identity_confidence,07:28,5099,红队_lxy,LXY,0.447,matches/中青赛_1_20260506_213657/review/human_review/frames/identity_0010.jpg
identity_0011,identity,low_identity_confidence,07:52,5400,红队_tyx,TYX,0.447,matches/中青赛_1_20260506_213657/review/human_review/frames/identity_0011.jpg
identity_0012,identity,low_identity_confidence,08:15,5588,红队_zmc,ZMC,0.447,matches/中青赛_1_20260506_213657/review/human_review/frames/identity_0012.jpg
identity_0013,identity,low_identity_confidence,02:00,1389,红队_zmc,ZMC,0.45,matches/中青赛_1_20260506_213657/review/human_review/frames/identity_0013.jpg
identity_0014,identity,low_identity_confidence,02:16,1559,红队_tyx,TYX,0.45,matches/中青赛_1_20260506_213657/review/human_review/frames/identity_0014.jpg
identity_0015,identity,low_identity_confidence,04:14,2863,红队_tyx,TYX,0.45,matches/中青赛_1_20260506_213657/review/human_review/frames/identity_0015.jpg
identity_0016,identity,low_identity_confidence,06:54,4663,红队_lxy,LXY,0.45,matches/中青赛_1_20260506_213657/review/human_review/frames/identity_0016.jpg
identity_0017,identity,low_identity_confidence,08:46,5991,红队_zmc,ZMC,0.45,matches/中青赛_1_20260506_213657/review/human_review/frames/identity_0017.jpg
identity_0018,identity,low_identity_confidence,00:51,603,红队_zmc,ZMC,0.453,matches/中青赛_1_20260506_213657/review/human_review/frames/identity_0018.jpg
identity_0019,identity,low_identity_confidence,01:18,927,红队_zmc,ZMC,0.453,matches/中青赛_1_20260506_213657/review/human_review/frames/identity_0019.jpg
identity_0020,identity,low_identity_confidence,01:37,1132,红队_jyn,JYN,0.453,matches/中青赛_1_20260506_213657/review/human_review/frames/identity_0020.jpg
identity_0021,identity,low_identity_confidence,02:18,1368,红队_jyn,JYN,0.453,matches/中青赛_1_20260506_213657/review/human_review/frames/identity_0021.jpg
identity_0022,identity,low_identity_confidence,06:18,4225,红队_jyn,JYN,0.453,matches/中青赛_1_20260506_213657/review/human_review/frames/identity_0022.jpg
identity_0023,identity,low_identity_confidence,08:58,6087,红队_jyn,JYN,0.453,matches/中青赛_1_20260506_213657/review/human_review/frames/identity_0023.jpg
identity_0024,identity,low_identity_confidence,01:33,693,红队_zmc,ZMC,0.457,matches/中青赛_1_20260506_213657/review/human_review/frames/identity_0024.jpg
identity_0025,identity,low_identity_confidence,02:26,1592,红队_tyx,TYX,0.457,matches/中青赛_1_20260506_213657/review/human_review/frames/identity_0025.jpg
identity_0026,identity,low_identity_confidence,07:26,5012,红队_lxy,LXY,0.457,matches/中青赛_1_20260506_213657/review/human_review/frames/identity_0026.jpg
identity_0027,identity,low_identity_confidence,09:10,6164,红队_lxy,LXY,0.457,matches/中青赛_1_20260506_213657/review/human_review/frames/identity_0027.jpg
identity_0028,identity,low_identity_confidence,09:35,6667,红队_jyn,JYN,0.457,matches/中青赛_1_20260506_213657/review/human_review/frames/identity_0028.jpg
identity_0029,identity,low_identity_confidence,02:57,1943,红队_lxy,LXY,0.46,matches/中青赛_1_20260506_213657/review/human_review/frames/identity_0029.jpg
identity_0030,identity,low_identity_confidence,07:50,5197,红队_tyx,TYX,0.46,matches/中青赛_1_20260506_213657/review/human_review/frames/identity_0030.jpg
identity_0031,identity,low_identity_confidence,01:18,778,红队_jyn,JYN,0.463,matches/中青赛_1_20260506_213657/review/human_review/frames/identity_0031.jpg
identity_0032,identity,low_identity_confidence,07:29,5094,红队_lxy,LXY,0.463,matches/中青赛_1_20260506_213657/review/human_review/frames/identity_0032.jpg
identity_0033,identity,low_identity_confidence,08:04,5555,红队_zmc,ZMC,0.463,matches/中青赛_1_20260506_213657/review/human_review/frames/identity_0033.jpg
identity_0034,identity,low_identity_confidence,00:48,314,红队_zmc,ZMC,0.467,matches/中青赛_1_20260506_213657/review/human_review/frames/identity_0034.jpg
identity_0035,identity,low_identity_confidence,00:52,557,红队_jyn,JYN,0.467,matches/中青赛_1_20260506_213657/review/human_review/frames/identity_0035.jpg
identity_0036,identity,low_identity_confidence,05:28,3616,红队_jyn,JYN,0.467,matches/中青赛_1_20260506_213657/review/human_review/frames/identity_0036.jpg
identity_0037,identity,low_identity_confidence,05:54,3855,红队_lxy,LXY,0.467,matches/中青赛_1_20260506_213657/review/human_review/frames/identity_0037.jpg
identity_0038,identity,low_identity_confidence,06:40,4215,红队_jyn,JYN,0.467,matches/中青赛_1_20260506_213657/review/human_review/frames/identity_0038.jpg
identity_0039,identity,low_identity_confidence,06:26,4297,红队_jyn,JYN,0.467,matches/中青赛_1_20260506_213657/review/human_review/frames/identity_0039.jpg
identity_0040,identity,low_identity_confidence,06:57,4645,红队_lxy,LXY,0.467,matches/中青赛_1_20260506_213657/review/human_review/frames/identity_0040.jpg
identity_0041,identity,low_identity_confidence,00:54,309,红队_zmc,ZMC,0.47,matches/中青赛_1_20260506_213657/review/human_review/frames/identity_0041.jpg
identity_0042,identity,low_identity_confidence,04:54,3245,红队_jyn,JYN,0.47,matches/中青赛_1_20260506_213657/review/human_review/frames/identity_0042.jpg
identity_0043,identity,low_identity_confidence,05:22,3578,红队_jyn,JYN,0.47,matches/中青赛_1_20260506_213657/review/human_review/frames/identity_0043.jpg
identity_0044,identity,low_identity_confidence,05:14,3425,红队_jyn,JYN,0.473,matches/中青赛_1_20260506_213657/review/human_review/frames/identity_0044.jpg
identity_0045,identity,low_identity_confidence,05:26,3517,红队_zmc,ZMC,0.473,matches/中青赛_1_20260506_213657/review/human_review/frames/identity_0045.jpg
identity_0046,identity,low_identity_confidence,09:05,6251,红队_lxy,LXY,0.473,matches/中青赛_1_20260506_213657/review/human_review/frames/identity_0046.jpg
identity_0047,identity,low_identity_confidence,00:18,38,红队_jyn,JYN,0.477,matches/中青赛_1_20260506_213657/review/human_review/frames/identity_0047.jpg
identity_0048,identity,low_identity_confidence,00:02,12,红队_zmc,ZMC,0.48,matches/中青赛_1_20260506_213657/review/human_review/frames/identity_0048.jpg
identity_0049,identity,low_identity_confidence,08:26,5651,红队_jyn,JYN,0.48,matches/中青赛_1_20260506_213657/review/human_review/frames/identity_0049.jpg
identity_0050,identity,low_identity_confidence,00:03,9,红队_lxy,LXY,0.483,matches/中青赛_1_20260506_213657/review/human_review/frames/identity_0050.jpg
identity_0051,identity,low_identity_confidence,01:42,1192,红队_jyn,JYN,0.483,matches/中青赛_1_20260506_213657/review/human_review/frames/identity_0051.jpg
identity_0052,identity,low_identity_confidence,04:26,2836,红队_tyx,TYX,0.483,matches/中青赛_1_20260506_213657/review/human_review/frames/identity_0052.jpg
identity_0053,identity,low_identity_confidence,07:59,5499,红队_jyn,JYN,0.483,matches/中青赛_1_20260506_213657/review/human_review/frames/identity_0053.jpg
identity_0054,identity,low_identity_confidence,00:06,10,红队_lxy,LXY,0.487,matches/中青赛_1_20260506_213657/review/human_review/frames/identity_0054.jpg
identity_0055,identity,low_identity_confidence,01:38,1136,红队_jyn,JYN,0.487,matches/中青赛_1_20260506_213657/review/human_review/frames/identity_0055.jpg
identity_0056,identity,low_identity_confidence,02:35,1556,红队_tyx,TYX,0.487,matches/中青赛_1_20260506_213657/review/human_review/frames/identity_0056.jpg
identity_0057,identity,low_identity_confidence,01:54,1235,红队_zmc,ZMC,0.49,matches/中青赛_1_20260506_213657/review/human_review/frames/identity_0057.jpg
identity_0058,identity,low_identity_confidence,03:47,2390,红队_lxy,LXY,0.49,matches/中青赛_1_20260506_213657/review/human_review/frames/identity_0058.jpg
identity_0059,identity,low_identity_confidence,04:02,2721,红队_tyx,TYX,0.49,matches/中青赛_1_20260506_213657/review/human_review/frames/identity_0059.jpg
identity_0060,identity,low_identity_confidence,03:56,2728,红队_tyx,TYX,0.493,matches/中青赛_1_20260506_213657/review/human_review/frames/identity_0060.jpg
